name,smiles,true_label,claude_raw,gpt4o_raw,deepseek_raw,llama3_raw
 (E)-2-CHLORO-3-(DICHLOROMETHYL)-4-OXOBUTENOIC ACID ,O=C/C(=C(\Cl)C(=O)O)C(Cl)Cl,1,"Verdict: mutagenic
Confidence: 8
Reasoning: This molecule contains several structural features that are strong indicators of mutagenicity:

1. **Multiple alkyl halides (C-Cl bonds)**: The molecule contains a dichloromethyl group (CHCl2) and a vinyl chloride moiety. The CHCl2 group is particularly concerning as it can undergo metabolic activation or direct nucleophilic substitution, potentially forming reactive intermediates that can alkylate DNA bases.

2. **α,β-unsaturated aldehyde system**: The molecule features an aldehyde group (CHO) conjugated with a double bond (C=C). This creates a Michael acceptor system, which is a well-known toxicophore. The electrophilic β-carbon can react with nucleophilic sites in DNA (such as guanine N7 or adenine N1), leading to DNA adduct formation.

3. **Conjugated electron-withdrawing groups**: The presence of the carboxylic acid (COOH), aldehyde, and multiple chlorine atoms creates a highly electrophilic system. The chlorine on the vinyl carbon further activates the double bond toward nucleophilic attack.

4. **Potential for reactive metabolite formation**: The combination of aldehyde functionality with polyhalogenated carb","Verdict: mutagenic  
Confidence: 8  
Reasoning: The molecule is a chlorinated acyl chloride, featuring both α,β-unsaturated carbonyl groups and multiple chloro substituents. The presence of an α,β-unsaturated carbonyl, specifically a Michael acceptor, is a well-known toxicophore that can lead to mutagenicity due to its electrophilic nature, which makes it prone to reacting with nucleophilic sites in DNA. The multiple chlorine atoms can further enhance the electrophilicity of the molecule, increasing its reactivity. Such structural characteristics are commonly associated with mutagenic activities in Ames tests.","Verdict: mutagenic  
Confidence: 8  
Reasoning: This molecule contains an α,β-unsaturated carbonyl system (conjugated aldehyde and carboxylic acid), which is a well-established Michael acceptor toxicophore capable of forming covalent adducts with DNA bases. The presence of vinylogous halogens (chlorines on the double bond and on the adjacent carbon) increases electrophilicity and potential for alkylation. The haloalkene and haloacid substructures are associated with direct-acting mutagenicity in Ames tests.","Verdict: mutagenic
Confidence: 8
Reasoning: The molecule contains multiple structural features that are known to contribute to mutagenicity, including the presence of electrophilic chlorine atoms and an alpha,beta-unsaturated carbonyl group, which can act as a Michael acceptor. The chloro-substituted double bond is particularly concerning, as it resembles the toxicophore found in vinyl chloride, a known mutagen. Additionally, the molecule's ability to undergo potentially facile hydrolysis to form reactive intermediates may further enhance its mutagenic potential. Overall, these features suggest a high likelihood of mutagenic activity, although the exact potency and mechanism may depend on various factors, including metabolic activation and biochemical context."
" BIS(2,3-DIBROMOPROPYL)PHOSPHATE ",O=P(O)(OCC(Br)CBr)OCC(Br)CBr,1,"Verdict: mutagenic
Confidence: 9
Reasoning: This molecule contains multiple highly concerning structural features for mutagenicity. The compound is tris(2,3-dibromopropyl) phosphate or a related dibromopropyl phosphate ester. The key toxicophores are: 1) **Multiple vicinal dibromoalkyl groups (1,2-dibromopropyl moieties)** - These are well-established genotoxic structural alerts. The bromine atoms are excellent leaving groups, and the vicinal dibromide arrangement creates highly electrophilic species capable of alkylating DNA. 2) **Alkyl halide electrophilicity** - The C-Br bonds can undergo SN2 reactions with nucleophilic sites on DNA bases (particularly N7 of guanine, N3 of adenine). 3) **Potential for bis-alkylation/cross-linking** - With multiple brominated carbons, this compound can act as a bifunctional alkylating agent, potentially causing DNA cross-links which are highly mutagenic lesions. 4) **Historical precedent** - Tris(2,3-dibromopropyl) phosphate (Tris-BP) is a known mutagen and carcinogen that was banned as a flame retardant.","Verdict: mutagenic  
Confidence: 8  
Reasoning: The provided SMILES represents a tetraalkyl phosphate ester containing multiple brominated carbons. Brominated compounds are known for their potential to form DNA adducts, which could lead to mutagenicity. The presence of two pairs of vicinal dibromides in a small molecule suggests possible formation of reactive intermediates or radicals during metabolic activation, which can interact with genetic material. Furthermore, phosphate esters, depending on their specific alkylation pattern, can exhibit hydrolytic stability and resist deactivation, prolonging the potential for harmful interactions. These features collectively contribute to a heightened risk of mutagenicity.","Verdict: mutagenic  
Confidence: 9  
Reasoning: This molecule contains two bromoalkyl groups — specifically, vicinal dibromide fragments (Br–C–C–Br) attached to a phosphate diester. Vicinal dihaloalkanes are well-established direct-acting alkylating agents and known Ames mutagens. The bromine atoms are good leaving groups, allowing the molecule to form cyclic ethyleneimmonium or carbocation intermediates that can alkylate DNA bases. Additionally, the phosphate group can enhance water solubility and cellular uptake. The presence of multiple electrophilic sites strongly supports a positive mutagenicity prediction.","Verdict: mutagenic
Confidence: 8
Reasoning: The molecule contains multiple bromoalkyl groups, which are known to be potentially genotoxic due to their ability to form electrophilic intermediates that can react with DNA. The presence of these groups, specifically the OCC(Br)CBr moiety, is a structural alert for mutagenicity. Additionally, the molecule's phosphate ester linkage may facilitate the release of these bromoalkyl groups, potentially increasing their reactivity and mutagenic potential. Overall, the combination of these functional groups and their potential to generate electrophilic species suggests a high likelihood of mutagenic activity, consistent with the Ames test."
 DIAMMONIUM TETRACHLOROPLATINATE ,[Pt+2],1,"Verdict: non-mutagenic
Confidence: 4
Reasoning: The SMILES ""[Pt+2]"" represents a platinum(II) cation (Pt²⁺) as a free ion without any ligands specified. While platinum-based compounds like cisplatin are well-known DNA-damaging agents and mutagens due to their ability to form platinum-DNA adducts, this activity is highly dependent on the specific ligand environment. Cisplatin's mutagenicity derives from its cis-dichlorodiammine configuration allowing intrastrand crosslinks. A bare Pt²⁺ ion in biological systems would rapidly coordinate with various biomolecules (proteins, glutathione) rather than specifically targeting DNA. Without leaving groups (like chloride ligands) and appropriate carrier ligands (like ammines), the naked ion lacks the specific structural features required for the DNA crosslinking mechanism. Additionally, the Ames test uses bacterial systems where metal ion bioavailability and uptake differ significantly from organic compounds. The absence of defined coordination geometry makes this species unlikely to exhibit the specific mutagenic activity seen with therapeutic platinum complexes. However, confidence is moderate because metal ions can cause oxidative DNA damage through Fenton-like chemistry, though this is not the classical Ames-positive mechanism.","Verdict: non-mutagenic  
Confidence: 9  
Reasoning: The molecule represented by the SMILES [Pt+2] is a platinum ion in a +2 oxidation state. It is a simple cationic metal ion and does not have any organic functional groups, carbon-containing structures, electrophilic sites, or known toxicophores typically associated with mutagenicity, such as aromatic amines, nitro groups, or alkylating agents. Given that mutagenicity is primarily assessed in organic compounds with specific reactive groups capable of interacting with DNA, [Pt+2] is unlikely to demonstrate mutagenic properties. Additionally, metal ions like platinum in their ionic form do not inherently possess the capacity to cause mutations, thus the assessment leans strongly towards non-mutagenic.","Verdict: non-mutagenic  
Confidence: 10  
Reasoning: The SMILES [Pt+2] represents a bare platinum(II) cation with no organic ligands, substituents, or aromatic systems. Ames mutagenicity requires organic electrophiles or DNA-intercalating structures that can form covalent adducts with DNA bases. A naked metal ion cannot intercalate, alkylate, or generate reactive organic species in the standard Ames bacterial assay. Without any organic framework, it lacks all known structural alerts for mutagenicity (e.g., aromatic amines, nitro groups, epoxides, alkyl halides). Pure inorganic ions of this type are not considered mutagenic in the Ames test.","Verdict: mutagenic
Confidence: 8
Reasoning: The platinum(II) ion ([Pt+2]) is a known toxicophore and has been shown to exhibit mutagenic properties due to its ability to form covalent bonds with DNA, leading to DNA damage and potential mutations. The electrophilic nature of the platinum ion allows it to react with nucleophilic sites on DNA, such as the N7 position of guanine, resulting in the formation of platinum-DNA adducts. These adducts can distort DNA structure and interfere with DNA replication and transcription, ultimately leading to mutagenic effects."
 HOMOBALDRINAL ,CC(C)CC(=O)OCc1cocc2c(C=O)ccc1-2,1,"Verdict: mutagenic
Confidence: 6
Reasoning: This molecule contains several structural features relevant to mutagenicity assessment. The most concerning feature is the aldehyde group (C=O attached to the fused ring system), which is a known toxicophore. Aldehydes are electrophilic and can form Schiff bases with primary amines in DNA bases (particularly adenine and guanine), leading to DNA damage and mutagenic potential. The molecule also contains a fused bicyclic heteroaromatic system (appears to be a furo[3,2-c]pyridine or similar fused furan-pyridine scaffold), which provides a planar structure capable of DNA intercalation. The ester group (isovaleryl ester) is generally not considered a strong mutagenic alert, though it could potentially undergo hydrolysis. The combination of the reactive aldehyde functionality on an aromatic/heteroaromatic scaffold increases concern for DNA reactivity. While the molecule lacks classic strong mutagens like aromatic amines, nitro groups, or alkylating agents, the aldehyde group on a planar heterocyclic system represents a moderate mutagenic risk based on established structure-activity relationships.","Verdict: mutagenic  
Confidence: 8  
Reasoning: The given SMILES represents a molecule with several structural features that can contribute to mutagenicity. The presence of an α,β-unsaturated carbonyl (acrylate moiety: CC(=O)OC) is a known toxicophore associated with electrophilic reactivity, as it can undergo Michael addition reactions with nucleophilic sites in DNA. Additionally, the aromatic lactone structure (fused furano-benzene ring system with a ketone) is reminiscent of structures related to known mutagens and could facilitate the formation of reactive intermediates. These features suggest a potential for causing DNA damage, which leads to a high confidence rating in its mutagenicity.","Verdict: mutagenic  
Confidence: 8  
Reasoning: The molecule contains a conjugated aldehyde (C=O attached to an aromatic system), which is an electrophilic Michael acceptor capable of forming covalent adducts with DNA nucleobases. The benzofuran-like fused ring system also raises concern for bioactivation to epoxide intermediates, another known route to mutagenicity. The presence of these structural alerts, in the absence of clear detoxifying substituents, drives the prediction toward mutagenicity.","Verdict: mutagenic
Confidence: 8
Reasoning: The presence of the lactone ring and the Michael acceptor site (α,β-unsaturated carbonyl group) in the molecule are indicative of potential mutagenicity. These functional groups can act as electrophiles, increasing the likelihood of covalent binding to DNA and subsequent mutations. Additionally, the molecule contains a coumarin scaffold, which has been associated with genotoxicity in certain compounds. The ester group may also contribute to the molecule's reactivity. Overall, the combination of these structural features suggests a potential for mutagenic activity, as assessed by the Ames test."
" 3-ETHYL-4-METHYL-3H-IMIDAZO[4,5,F]QUINOLIN-2-AMINE ",CCn1c(N)nc2c3cccnc3cc(C)c21,1,"Verdict: mutagenic
Confidence: 7
Reasoning: This molecule is a pyrido-fused imidazole derivative with an amino group, structurally related to heterocyclic aromatic amines (HAAs). Key toxicophores include: 1) The primary aromatic amine (-NH2) attached to the imidazole ring, which can undergo metabolic activation via N-hydroxylation followed by O-acetylation or sulfation to form reactive nitrenium ions capable of forming DNA adducts. 2) The planar polycyclic heteroaromatic system (pyridoimidazole core) facilitates DNA intercalation, positioning reactive metabolites near nucleophilic sites on DNA bases. 3) The structure bears resemblance to known mutagenic imidazopyridine compounds like IQ-type food mutagens. The ethyl substituent and methyl group are not inherently mutagenic but contribute to lipophilicity, potentially enhancing cellular uptake. The combination of an activatable aromatic amine on an intercalating heterocyclic scaffold represents a well-established mutagenic mechanism pattern commonly positive in Ames tests with S9 metabolic activation.","Verdict: mutagenic  
Confidence: 7  
Reasoning: The molecule described by the SMILES string CCn1c(N)nc2c3cccnc3cc(C)c21 features structural elements suggestive of mutagenicity. The presence of a nitro-aromatic system, specifically the naphthyridine core, is commonly associated with mutagenicity as it can undergo metabolic activation to form reactive intermediates, such as nitrenium ions, which can cause DNA damage. Additionally, the amine group (N) attached to this heterocyclic system further supports the potential for mutagenic activity, as aromatic amines are well-documented mutagenic toxicophores due to their ability to undergo metabolic transformations into DNA-reactive species. The presence of such electrophilic centers capable of reacting with nucleophilic sites on DNA elevates the mutagenic potential of this compound.","Verdict: mutagenic
Confidence: 8
Reasoning: The molecule contains a fused heteroaromatic system with an exocyclic primary amine (C(N)) attached to the imidazole ring, which is a structural feature commonly associated with aromatic amine mutagenicity. Such amines can undergo metabolic activation via N-hydroxylation and subsequent esterification to form electrophilic nitrenium ions capable of DNA adduction. Additionally, the extended planar polycyclic aromatic-like core (including a pyridine ring) may facilitate DNA intercalation or base pairing disruptions. The presence of an N-ethyl group on the imidazole nitrogen does not block this activation pathway. These structural alerts strongly support mutagenic potential.","Verdict: mutagenic
Confidence: 8
Reasoning: The molecule contains a planar, heterocyclic ring system with a potential for intercalation into DNA, and the presence of an amino group (-NH2) attached to the heterocycle, which may enhance electrophilicity and increase the likelihood of covalent binding to DNA. Additionally, the molecule bears some resemblance to known mutagens, such as certain azo and azomethine compounds, which have been shown to be mutagenic in the Ames test. The aromatic ring fused to the heterocycle may also contribute to the molecule's electronic properties, potentially increasing its reactivity towards DNA. However, the lack of a clear, high-priority toxicophore and the potential for metabolic detoxification pathways reduce the confidence in this assessment."
" 3-AMINO-5-NITRO-2,1-BENZISOTHIAZOLE ",Nc1snc2ccc([N+](=O)[O-])cc12,1,"Verdict: mutagenic
Confidence: 9
Reasoning: This molecule contains two well-established toxicophores that strongly indicate Ames mutagenicity:

1. **Aromatic nitro group (-NO2)**: The nitro group attached to the benzene ring is a classic mutagenic alert. Nitroaromatic compounds undergo nitroreduction (via bacterial nitroreductases in the Ames test) to form reactive nitroso and hydroxylamine intermediates that can form DNA adducts.

2. **Thiazole-fused ring system with amino group**: The molecule is a nitro-substituted benzothiazole (specifically 6-nitrobenzothiazol-2-amine or a closely related isomer). The 2-amino group on the thiazole ring can potentially undergo metabolic activation, and the combination with the nitro group creates a highly electrophilic system.

3. **Planar aromatic structure**: The fused bicyclic system is planar and can intercalate into DNA, facilitating interactions between reactive metabolites and DNA bases.

4. **Known structural class**: Nitrobenzothiazoles are recognized as a mutagenic structural class. The combination of the electron-withdrawing nitro group and the electron-donating amino group creates a push-pull electronic","Verdict: mutagenic  
Confidence: 9  
Reasoning: The given SMILES represents a molecule that contains a nitro group ([N+](=O)[O-]) on an aromatic ring, which is a well-known structural feature associated with mutagenicity. Nitroaromatic compounds are recognized as potential mutagenic agents because they can undergo metabolic activation to form reactive intermediates capable of causing DNA damage. Additionally, the presence of a thiadiazole moiety, which can be bioactivated into electrophilic species, further supports the assessment of mutagenicity. These structural features are typically linked to high mutagenic potential in Ames test studies.","Verdict: mutagenic
Confidence: 9
Reasoning: The molecule contains a primary aromatic amine (aniline-like NH2 group) fused to a thiazole ring, which is a known structural alert for mutagenicity via metabolic activation to electrophilic nitrenium ions. Additionally, the presence of a nitro group ([N+](=O)[O-]) on the same aromatic system is a classic mutagenic toxicophore, as it can be reduced to hydroxylamine and further to reactive electrophilic species that form DNA adducts. The combination of both an aromatic amine and a nitro group on the same scaffold significantly increases the likelihood of Ames mutagenicity.","Verdict: mutagenic
Confidence: 8
Reasoning: The presence of the nitroso (-N(=O)) functional group, a known toxicophore, is a strong indicator of mutagenic potential. Additionally, the nitroso group is conjugated to an aromatic ring, which may enhance its electrophilicity and ability to react with DNA. The s-triazine ring system also contributes to the overall electrophilic character of the molecule, further supporting the assessment of mutagenicity. These structural features are commonly associated with mutagenic compounds in the Ames test."
" 1,1-DIETHYL-2-HYDROXY-2-NITROSOHYDRAZINE ",CCN(CC)N([O-])N=O,1,"Verdict: mutagenic
Confidence: 9

Reasoning: This molecule contains a nitrosamine functional group (N-N=O), which is a well-established toxicophore associated with mutagenicity and carcinogenicity. Specifically, this is N-nitrosodiethylamine (NDEA) derivative with an additional N-oxide moiety. The nitrosamine group undergoes metabolic activation by cytochrome P450 enzymes, leading to α-hydroxylation and subsequent formation of highly reactive diazonium ions and alkylating species. These electrophilic intermediates can alkylate DNA bases, particularly at the O6 position of guanine and N7 position of guanine, causing miscoding during DNA replication and leading to point mutations. The diethylamino portion provides the alkyl groups that become the alkylating moieties after metabolic activation. The N-oxide ([O-] on nitrogen) does not diminish the mutagenic potential and may even enhance reactivity. N-nitrosamines are consistently positive in Ames tests across multiple Salmonella typhimurium strains, particularly with S9 metabolic activation. This structural class represents one of the most potent and reliable categories of genotoxic mutagens known.","Verdict: mutagenic  
Confidence: 8  
Reasoning: The structure provided contains a nitroso group (N=O) attached to an amine (resulting in a nitrosamine moiety), which is a known toxicophore associated with mutagenicity. Nitrosamines are well-documented for their potential to induce mutations due to their ability to form electrophilic species that can interact with DNA. The presence of the nitrosonium ion analog suggests potential for electrophilic attack, leading to DNA modifications.","Verdict: mutagenic
Confidence: 9
Reasoning: The molecule contains an N-nitroso group (N-N=O) attached to a tertiary amine, forming a classic nitrosamine structure (diethylnitrosamine analog). Nitrosamines are well-established direct-acting mutagens and potent Ames mutagens, as they form electrophilic diazonium ions or carbonium ions upon metabolic activation, which alkylate DNA. The N-nitroso group is a known toxicophore for mutagenicity.","Verdict: mutagenic
Confidence: 8
Reasoning: The molecule contains a nitroso group (N=O) and a tertiary amine (N(CC)N), which are known toxicophores associated with mutagenicity. The nitroso group can act as an electrophile, potentially forming covalent bonds with DNA, while the tertiary amine can facilitate metabolic activation, leading to the formation of reactive intermediates. These structural features are reminiscent of known mutagens, such as N-nitrosamines, which are potent mutagens in the Ames test. Additionally, the presence of a leaving group (O-) may enhance the electrophilicity of the nitroso group, further increasing the molecule's mutagenic potential."
" N,N-DIMETHYL-P-TOLUIDINE ",Cc1ccc(N(C)C)cc1,1,"Verdict: non-mutagenic
Confidence: 7
Reasoning: The molecule is N,N-dimethyl-p-toluidine (4-dimethylaminotoluene). While aromatic amines are often associated with mutagenicity due to their potential for metabolic activation to reactive nitrenium ions, this compound has several features that reduce mutagenic risk: 1) The nitrogen is tertiary (fully substituted with two methyl groups), which prevents direct N-oxidation to hydroxylamine intermediates - a key activation pathway for mutagenic aromatic amines. Primary and secondary aromatic amines are much more prone to this bioactivation. 2) The para-methyl group is a weak electron-donating substituent but does not introduce significant electrophilic character. 3) There are no nitro groups, nitroso groups, or other known strong toxicophores present. 4) The molecule lacks alkylating potential, epoxide-forming capabilities, or Michael acceptor functionalities. The tertiary amine nature significantly diminishes the mutagenic potential typically associated with aromatic amines. However, some residual concern exists due to possible minor metabolic pathways, hence not maximum confidence.","Verdict: non-mutagenic  
Confidence: 6  
Reasoning: The SMILES provided corresponds to N,N-dimethylaniline. In N,N-dimethylaniline, the aniline group is methylated at the nitrogen, reducing its basicity and its potential to form reactive intermediates like nitrenium ions, which are typically associated with mutagenicity. While aromatic amines can be mutagenic due to metabolic activation, the presence of two methyl groups on the nitrogen reduces the likelihood of oxidative metabolic activation to reactive electrophiles compared to unsubstituted anilines. Furthermore, N,N-dimethylaniline lacks other common mutagenic toxicophores such as nitro or azo groups. Hence, considering these structural characteristics, it is assessed as non-mutagenic with moderate confidence.","Verdict: non-mutagenic  
Confidence: 8  
Reasoning: The molecule is N,N-dimethyl-p-toluidine. It contains an aromatic amine substructure (dimethylaniline), which can be associated with mutagenicity if metabolically activated to nitrenium ions. However, the presence of a para-methyl substituent and the fact that the amine is tertiary (fully substituted with methyl groups) reduces the likelihood of forming a reactive electrophilic species via N-hydroxylation, since tertiary aromatic amines are less prone to activating metabolic pathways compared to primary or secondary amines. Additionally, no obvious direct-acting electrophiles (e.g., nitro, halogenated alkyl, epoxide) are present. Thus, based on structural alerts and metabolic considerations, the compound is predicted to be non-mutagenic in the Ames test.","Verdict: non-mutagenic
Confidence: 8
Reasoning: The molecule contains a tertiary amine functional group (N(C)C), which can be a potential alert for mutagenicity. However, the presence of this group in a non-conjugated and non-activated state, i.e., not directly attached to an electrophilic center or a planar aromatic system that could facilitate bioactivation, reduces its potential to act as a mutagen. The absence of known toxicophores such as nitro, azo, or halo groups, which are often associated with mutagenic activity, further supports the assessment of this molecule as non-mutagenic. The overall structure suggests that it is less likely to undergo metabolic activation to a reactive electrophile, thus decreasing its potential for mutagenicity in the Ames test."
 EPHEDRADINE A ,O=C1C[C@@H]2NCCCNCCCCN(CCCN1)C(=O)[C@H]1c3cc2ccc3O[C@H]1c1ccc(O)cc1,1,"Verdict: non-mutagenic
Confidence: 6
Reasoning: This molecule is a complex macrocyclic structure that appears to be a tetrahydroisoquinoline-type alkaloid derivative with multiple nitrogen atoms in a large ring system. Analyzing key structural features:

1. **No classic DNA-reactive toxicophores**: The molecule lacks common mutagenic alerts such as aromatic amines, nitro groups, alkylating agents (epoxides, aziridines, mustards), polycyclic aromatic hydrocarbons, or Michael acceptors.

2. **Amide groups**: The two carbonyl groups are present as amides (C=O adjacent to nitrogen), which are generally stable and non-electrophilic, posing low mutagenic risk.

3. **Secondary/tertiary amines**: The nitrogen atoms are incorporated into the macrocyclic ring system as secondary and tertiary amines. These are not aromatic amines and lack the metabolic activation pathway that would generate reactive nitrenium ions.

4. **Phenolic hydroxyl group**: The hydroxyl on the aromatic ring is electron-donating and generally considered non-mutagenic; it may even confer some antioxidant properties.

5. **Tetrahydroisoquinoline core**: This scaffold is found in many natural products and pharmaceut","Verdict: mutagenic  
Confidence: 7  
Reasoning: This molecule contains several structural features that are often associated with mutagenicity. Firstly, the presence of multiple reactive carbonyl groups (C=O) can potentially interact with DNA, forming adducts that might cause mutations. Moreover, the molecule features an aromatic system combined with hydroxyl groups (phenolic structure), which can participate in redox cycling, generating reactive oxygen species that can lead to DNA damage. Additionally, it contains a secondary amine structure, part of cyclic motifs, that could potentially form nitrenium ions or other reactive intermediates under specific metabolic conditions, contributing further to mutagenic potential. These features together suggest that this compound could likely be mutagenic.","Verdict: non-mutagenic  
Confidence: 8  
Reasoning: The molecule is a complex macrocyclic peptide-like structure with no obvious electrophilic alerting groups. It contains amide bonds, ether linkages, and phenolic hydroxyls, which are generally not mutagenic. No aromatic nitro, azo, alkyl halide, epoxide, or other known Ames-positive toxicophores are present. The phenolic -OH is a potential detoxification site (glucuronidation/sulfation) and lacks the direct-acting electrophilicity needed for DNA reactivity. The overall structure is large, rigid, and has many hydrogen bond donors/acceptors, which limit membrane permeability and DNA intercalation potential. The absence of obvious structural alerts and the presence of metabolically deactivating features support a non-mutagenic verdict.","Verdict: mutagenic
Confidence: 8
Reasoning: The molecule contains several structural features that are known to contribute to mutagenicity, including the presence of aromatic rings, amide groups, and a tertiary amine. The aromatic rings, particularly those with hydroxyl substituents, can be metabolically activated to form electrophilic intermediates that can interact with DNA. The amide groups can also be hydrolyzed to form amines, which can be further metabolized to form electrophilic species. Additionally, the tertiary amine can undergo N-oxidation to form a mutagenic metabolite. The presence of these functional groups and their potential metabolic pathways suggest a high likelihood of mutagenicity. Furthermore, the molecule's structural similarity to known mutagens, such as certain heterocyclic amines, also supports this assessment."
 8-QUINOLINECARBOXAMIDE ,NC(=O)c1cccc2cccnc12,1,"Verdict: non-mutagenic
Confidence: 7
Reasoning: The molecule is 4-quinolinecarboxamide (or isoquinoline-4-carboxamide based on nitrogen position). Key structural analysis:

1. **Core scaffold**: This is a quinoline/isoquinoline derivative - a fused bicyclic aromatic system containing one nitrogen atom. While some polycyclic aromatic compounds can be mutagenic, simple quinolines without activating substituents are generally not direct-acting mutagens.

2. **Carboxamide group (-CONH2)**: This is a non-electrophilic, electron-withdrawing functional group. Primary amides are not known toxicophores for mutagenicity. Unlike aromatic amines (-NH2 directly on aromatic ring), the amide nitrogen is not a site for metabolic activation to reactive nitrenium ions.

3. **Absence of key toxicophores**: No aromatic nitro groups (which can be reduced to mutagenic hydroxylamines), no aromatic amines (potential for N-hydroxylation), no alkylating groups (epoxides, aziridines, alkyl halides), no Michael acceptors, and no polycyclic aromatic hydrocarbon bay regions.

4. **Electronic considerations**: The carboxam","Verdict: mutagenic  
Confidence: 7  
Reasoning: The given molecule, as represented by the SMILES string NC(=O)c1cccc2cccnc12, is a quinoline derivative with an amide functional group. Quinoline and its derivatives are known to possess mutagenic potential due to the presence of the nitrogen-containing heterocycle which can interact with biological molecules through planar aromatic systems. The nitrogen in the aromatic pyridine-like ring can engage in hydrogen bonding and contribute to electrophilic aromatic substitution reactions, which is a mechanism leading to mutagenicity. Additionally, the amide group, specifically connected to an aromatic ring, can sometimes be linked with reactive metabolites implicated in genotoxic activity. These features enhance the molecule's likelihood to intercalate into DNA and participate in reactions that lead to mutations.","Verdict: non-mutagenic
Confidence: 8
Reasoning: The molecule is 1-isoquinolinecarboxamide, featuring an aromatic isoquinoline ring with a primary amide substituent. While isoquinoline itself can be metabolically activated, the presence of the electron-withdrawing carboxamide group reduces ring electron density, decreasing susceptibility to electrophilic attack and DNA adduct formation. The amide group is not a direct-acting alkylator or a known Ames-positive toxicophore (e.g., no aromatic nitro, azo, or primary aromatic amine). The lack of an unsubstituted aromatic amine or other strong electrophilic centers suggests low mutagenic potential in standard Ames testing.","Verdict: mutagenic
Confidence: 8
Reasoning: The molecule contains a nitroso group (although not explicitly drawn, the SMILES implies an amide group which may tautomerize) and an aromatic ring system with a potential for electron delocalization, which can lead to electrophilic intermediates. Furthermore, the presence of the lactam moiety may contribute to its potential mutagenicity, as similar structures have been associated with mutagenic activity. The planar, electron-rich nature of the aromatic ring system also increases its potential for intercalation into DNA, facilitating mutagenic interactions. However, the lack of explicit nitro or azo groups reduces the confidence in this assessment."
" PYRIDO[3,4-D]PYRIDAZINE 6-OXIDE ",[O-][n+]1ccc2cnncc2c1,1,"Verdict: mutagenic
Confidence: 7
Reasoning: This molecule is a pyrido[3,4-c]pyridazine N-oxide (specifically, the N-oxide form of a fused bicyclic nitrogen heterocycle). Several structural features raise mutagenicity concerns:

1. **N-oxide functionality ([O-][n+])**: The N-oxide group is a well-recognized toxicophore. N-oxides can undergo metabolic reduction or serve as leaving groups, potentially generating reactive intermediates capable of DNA damage. They can also facilitate bioactivation pathways.

2. **Fused nitrogen-rich heterocyclic system**: The molecule contains a pyridazine ring (cinnoline-like with the -cnn- motif) fused to a pyridine N-oxide. Such polycyclic nitrogen heterocycles are commonly associated with mutagenic activity, resembling structural features found in known mutagens like certain azaarenes and heterocyclic aromatic amines.

3. **Planar aromatic structure**: The flat, extended aromatic system allows for DNA intercalation, which can facilitate mutagenic events by positioning reactive groups near DNA bases.

4. **Electron-deficient character**: The combination of multiple nitrogen atoms and the N-oxide makes portions of the ring system electron-deficient, potentially enh","Verdict: mutagenic  
Confidence: 7  
Reasoning: The molecule represented by the SMILES string [O-][n+]1ccc2cnncc2c1 is a nitro-substituted heterocyclic compound. The presence of a nitro group (represented by [O-][n+]), particularly in aromatic and heteroaromatic systems, is a well-known toxicophore associated with mutagenic activity. Additionally, aromatic and heteroaromatic amines, as part of the overall structure, are often considered potent mutagenic agents due to their ability to undergo metabolic activation to form DNA-reactive species. These features contribute to the likelihood of the molecule demonstrating mutagenicity in the Ames test.","Verdict: mutagenic  
Confidence: 9  
Reasoning: The molecule contains a nitro group attached to an aromatic ring system (present as the [O-][n+] substituent on a pyridine-like ring), which is a well-known mutagenic toxicophore. Nitroaromatic compounds can undergo metabolic reduction to form hydroxylamines and nitrenium ions, which are highly electrophilic and can react with DNA. The fused pyridine-pyrazole bicyclic system (imidazo[1,2-b]pyridazine core) is also planar and heteroaromatic, increasing DNA intercalation potential. The combination of a reducible nitro group and a large, planar aromatic system strongly indicates Ames mutagenicity.","Verdict: mutagenic
Confidence: 8
Reasoning: The molecule contains a nitrenium ion ([n+]1) and an aromatic ring system, which are known toxicophores associated with mutagenicity. The nitrenium ion can act as an electrophile, potentially reacting with DNA bases and leading to genetic mutations. Additionally, the aromatic ring system may intercalate into DNA, further increasing the likelihood of mutagenic interactions. The presence of these structural features suggests a high potential for Ames mutagenicity."
 FLUORANTHENE ,c1ccc2c(c1)-c1cccc3cccc-2c13,1,"Verdict: mutagenic
Confidence: 7
Reasoning: This molecule is fluoranthene, a polycyclic aromatic hydrocarbon (PAH) consisting of a fused naphthalene and benzene ring system with a five-membered ring. Key structural features driving mutagenicity assessment:

1. **PAH scaffold**: Fluoranthene is a known PAH with four fused rings (three six-membered and one five-membered). PAHs are well-established toxicophores associated with mutagenicity due to their ability to undergo metabolic activation.

2. **Metabolic activation potential**: Like other PAHs, fluoranthene can be metabolically activated by cytochrome P450 enzymes to form reactive epoxide intermediates (particularly bay-region or K-region epoxides), which can form DNA adducts leading to mutagenic effects.

3. **Planar structure**: The highly planar, aromatic structure allows for DNA intercalation, which can facilitate mutagenic interactions.

4. **Empirical evidence**: Fluoranthene has shown positive results in some Ames test studies, particularly with metabolic activation (S9 fraction), though its mutagenic potency is considered moderate compared to more potent PAHs like benzo[a]pyrene.

5. **Bay-region","Verdict: non-mutagenic  
Confidence: 6  
Reasoning: The given SMILES represents a polycyclic aromatic hydrocarbon (PAH), specifically with a condensed structure. Such structures can show mutagenic properties due to their ability to intercalate with DNA, but this particular configuration lacks notable functional groups or specific known toxicophores such as nitro groups (–NO2) or certain heteroatoms that are typically associated with strong mutagenicity in Ames tests. While PAHs can be potentially mutagenic, the absence of these additional toxicophoric groups suggests a lower likelihood of strong Ames positivity, hence the assessment.","Verdict: mutagenic
Confidence: 9
Reasoning: This SMILES corresponds to the polycyclic aromatic hydrocarbon (PAH) coronene. PAHs are well-established mutagens due to their planar, highly conjugated aromatic systems that can be metabolically activated by cytochrome P450 enzymes into reactive epoxides and diol-epoxides. These metabolites are potent electrophiles that form covalent DNA adducts, leading to frameshift mutations detectable in the Ames test. The large, extended aromatic core increases both DNA intercalation potential and metabolic activation likelihood, making this compound highly suspicious for mutagenicity.","Verdict: non-mutagenic
Confidence: 8
Reasoning: The molecule lacks obvious toxicophores commonly associated with mutagenicity, such as nitro, amino, or halo groups. The polycyclic aromatic hydrocarbon (PAH) structure is present, but the fused ring system is not sufficiently planar due to the saturated bridge, reducing its potential for intercalation into DNA. Additionally, the absence of electrophilic centers, such as epoxides or aldehydes, decreases the likelihood of covalent binding to DNA, further supporting the non-mutagenic verdict. However, the PAH core still warrants some caution, hence the confidence level is not at the maximum."
" P,M-DIMETHOXYPHENYLPROPYLENE OXIDE ",COc1ccc(CC2CO2)cc1OC,1,"Verdict: mutagenic
Confidence: 8
Reasoning: The molecule contains a critical toxicophore: an epoxide (oxirane) ring, specifically a glycidyl ether moiety (the CC2CO2 portion attached to the aromatic ring via a methylene linker). Epoxides are well-established genotoxic alerts due to their high electrophilicity - the strained three-membered ring is susceptible to nucleophilic attack by DNA bases (particularly guanine N7 and adenine N3), leading to alkylation and subsequent mutagenic lesions. This glycidyl ether structural motif is similar to known mutagens like glycidol and various glycidyl ethers that are Ames-positive. The dimethoxybenzene (veratrole) aromatic core itself is relatively innocuous, but the presence of the reactive epoxide group dominates the mutagenicity assessment. Glycidyl ethers are recognized as DNA-reactive mutagens and are commonly flagged in structure-activity relationship analyses for Ames mutagenicity. The combination of the electron-rich aromatic system potentially facilitating metabolic activation and the direct DNA-alkylating capability of the epoxide strongly supports a mutagenic classification.","Verdict: non-mutagenic  
Confidence: 7  
Reasoning: The given SMILES corresponds to a molecule with a methoxy group (CO) attached to a phenyl ring (c1ccc(CC2CO2)cc1), which is further substituted with an oxetane ring (CC2CO2). The presence of methoxy groups is generally not associated with mutagenicity, as they do not typically form reactive intermediates known to damage DNA. Additionally, oxetane rings, although strained, are not common electrophilic features or toxicophores typically tied to mutagenicity. Moreover, the absence of well-established toxicophores such as nitro groups, activated double bonds, or aliphatic halides supports the assessment of a non-mutagenic profile for this molecule.","Verdict: non-mutagenic  
Confidence: 8  
Reasoning: The molecule (3,4-dimethoxyphenyl)oxirane contains an epoxide ring, which is generally a structural alert for DNA alkylation due to its electrophilicity. However, the epoxide in this case is attached to a relatively electron-rich aromatic ring (with two methoxy substituents), which may reduce its reactivity through stabilization of the benzylic carbocation intermediate, decreasing direct DNA damage potential. Additionally, the molecule lacks other known Ames-positive toxicophores such as aromatic nitro groups, primary aryl amines, or polycyclic aromatic systems. The epoxide is a borderline alert — while it raises concern, the methoxy groups likely lower mutagenic risk compared to unsubstituted phenyloxirane. Overall, the balance of features suggests non-mutagenic behavior in standard Ames tests.","Verdict: non-mutagenic
Confidence: 8
Reasoning: The molecule lacks known toxicophores and electrophilic functional groups commonly associated with mutagenicity, such as nitro, azo, or haloalkyl groups. The presence of ether (COc1 and OC) and alkyl (CC2) groups, which are generally considered innocuous, and the absence of any obvious structural alerts for mutagenicity, support this assessment. However, the molecule does contain an ester (CO2) group, but in the context of the given structure, it is notexpected to significantly contribute to mutagenic activity. Overall, based on the structural features, the molecule is predicted to be non-mutagenic."
" 3,4-EPOXY-1-BUTENE ",C=CC1CO1,1,"Verdict: mutagenic
Confidence: 9
Reasoning: This molecule (1,2-epoxy-3-butene, also known as 3,4-epoxy-1-butene or vinyl oxirane) contains two critical structural features that strongly indicate mutagenicity:

1. **Epoxide ring (oxirane)**: The three-membered cyclic ether is a well-established toxicophore. Epoxides are highly electrophilic due to ring strain and can alkylate nucleophilic sites in DNA (particularly N7-guanine, N3-adenine, and other positions), leading to DNA adduct formation and mutations.

2. **Vinyl group (terminal alkene)**: The conjugated vinyl group adjacent to the epoxide creates an additional electrophilic center through Michael acceptor-type reactivity. This α,β-unsaturated system can also undergo metabolic epoxidation to form a bis-epoxide, further increasing genotoxic potential.

3. **Synergistic effect**: The combination of the epoxide with the adjacent vinyl group makes this a bifunctional alkylating agent. This compound is actually a metabolite of 1,3-butadiene, a known human carcinogen, and has been extensively studied for its mutagenic properties.

This structural class (vinyl","Verdict: non-mutagenic  
Confidence: 7  
Reasoning: The given molecule, represented by the SMILES C=CC1CO1, contains an epoxide ring, which is a three-membered cyclic ether known for its potential to be an electrophile. However, the molecule lacks other prominent known toxicophores associated with mutagenicity. Epoxides can potentially interact with DNA and other cellular components due to their ring strain and electrophilic nature, which can lead to mutagenicity. In this molecule, the presence of an alkene group conjugated with the epoxide might stabilize the structure to some extent, potentially decreasing its reactivity towards nucleophiles. However, without additional highly reactive functional groups known to increase mutagenicity, and considering that not all epoxides are mutagenic under standard Ames test conditions, the molecule is predicted as non-mutagenic with moderate confidence.","Verdict: non-mutagenic  
Confidence: 9  
Reasoning: The molecule is propylene oxide (SMILES: C=CC1CO1), an epoxide. Epoxides are typically direct-acting mutagens due to their strained three-membered ring and electrophilic character, which can alkylate DNA bases. However, in this specific case, the molecule is a simple terminal alkene epoxide. Propylene oxide is known to be weakly mutagenic in some Ames tests but often requires metabolic activation, and its mutagenicity is borderline or negative under standard conditions without S9 mix. Given the lack of additional DNA-reactive or aromatic functional groups, and the often equivocal experimental data for this simple epoxide, a conservative assessment places it as non-mutagenic. The confidence is high based on typical structure-activity relationships for small epoxides lacking extended conjugation or other reinforcing toxicophores.","Verdict: non-mutagenic
Confidence: 8
Reasoning: The molecule in question, represented by the SMILES string C=CC1CO1, is cyclopropene, a small, cyclic alkene. While alkenes can be reactive due to their double bond, the absence of strong electrophilic centers, such as nitro, azo, or halo groups, and the lack of known toxicophores typically associated with mutagenicity (e.g., aromatic amines, polycyclic aromatic hydrocarbons) suggest a lower potential for mutagenic activity. Additionally, the cyclopropene ring, although strained, does not contain functional groups commonly linked to mutagenicity. However, the reactivity of the double bond could potentially lead to metabolic activation or interaction with biological nucleophiles, but given the simplicity of the molecule, these interactions are likely to be minimal. Therefore, based on the structural features present, the molecule is predicted to be non-mutagenic, albeit with a moderate level of confidence due to the potential for unforeseen metabolic transformations or reactivity."
 1-NITRO-3-ACETOXYPYRENE ,CC(=O)Oc1cc([N+](=O)[O-])c2ccc3cccc4ccc1c2c43,1,"Verdict: mutagenic
Confidence: 9
Reasoning: This molecule contains several critical structural features that strongly indicate Ames mutagenicity:

1. **Aromatic nitro group (-NO2)**: This is a well-established toxicophore for mutagenicity. The nitro group can undergo nitroreduction by bacterial nitroreductases to form reactive nitroso and hydroxylamine intermediates, which can form DNA adducts.

2. **Polycyclic aromatic hydrocarbon (PAH) scaffold**: The core structure is a pyrene system (four fused aromatic rings), which is a known mutagenic scaffold. PAHs can intercalate into DNA and, upon metabolic activation, form reactive epoxide intermediates that bind covalently to DNA bases.

3. **Acetoxy substituent (ester group)**: The acetate ester at the 1-position can be hydrolyzed to release a hydroxyl group, potentially generating a hydroxylated PAH. Hydroxy-PAHs can be further metabolized to reactive quinones or serve as leaving groups after metabolic activation.

4. **Combined effect**: The combination of an electron-withdrawing nitro group on an extended PAH system creates a highly electrophilic aromatic system. The nitro group positioned on this planar, lipoph","Verdict: mutagenic  
Confidence: 8  
Reasoning: The molecule contains a nitroaromatic group, which is a well-known toxicophore associated with mutagenic potential. Nitro groups attached to aromatic rings, such as the nitro group present in this structure, can be metabolically activated to form nitrenium ions or hydroxylamines, which are highly electrophilic and capable of interacting with DNA. Additionally, the presence of other aromatic rings further contributes to its stability and potential to intercalate into DNA. These structural features strongly suggest the potential for the compound to demonstrate mutagenic activity in the Ames test.","Verdict: mutagenic  
Confidence: 9  
Reasoning: The molecule is a polycyclic aromatic hydrocarbon (PAH) derivative with an acetoxy group and a nitro group. The nitroaromatic group ([N+](=O)[O-]) is a well-established toxicophore associated with mutagenicity in the Ames test, as it can undergo metabolic reduction to form reactive hydroxylamines and nitrenium ions that damage DNA. The large planar polycyclic aromatic core enhances DNA intercalation potential, increasing the likelihood of genotoxic effects. The acetoxy ester (CC(=O)O-) can also act as a leaving group, generating reactive electrophilic species. These combined features strongly support a mutagenic classification.","Verdict: mutagenic
Confidence: 8
Reasoning: The presence of the nitro group ([N+](=O)[O-]) is a known toxicophore associated with mutagenicity, particularly in the Ames test. The nitro group can be reduced to form electrophilic intermediates that can react with DNA, leading to mutations. Additionally, the molecule's polycyclic aromatic hydrocarbon (PAH) structure may also contribute to its mutagenic potential, as PAHs are known to intercalate into DNA and induce genetic damage. The ester group (CC(=O)O) may also play a role in the molecule's bioavailability and reactivity. Overall, the combination of the nitro group and PAH structure suggests a high likelihood of mutagenicity."
 CARBON ,[C],0,"Verdict: non-mutagenic
Confidence: 2
Reasoning: The SMILES ""[C]"" represents an isolated carbon atom with no hydrogens specified (a carbon radical or carbene species). This is not a realistic stable molecule that would be tested in an Ames assay. In practical terms, elemental carbon (graphite, diamond, or amorphous carbon) is generally considered non-mutagenic in standard Ames tests. The notation lacks any known toxicophores such as aromatic amines, nitro groups, alkylating agents, epoxides, or polycyclic aromatic systems that are typically associated with mutagenicity. However, the extremely low confidence reflects that this SMILES represents either an invalid/incomplete structure or a highly reactive species that wouldn't survive to interact with DNA in a meaningful way in biological systems. If interpreted as elemental carbon, it lacks the electrophilic centers or DNA-intercalating properties needed for mutagenic activity.","Verdict: non-mutagenic  
Confidence: 8  
Reasoning: The SMILES string [C] represents a carbon atom with an unpaired electron, commonly referred to as a methyl radical. While radicals can be highly reactive due to their unpaired electrons, this structure alone does not inherently possess known toxicophoric elements or functional groups associated with mutagenicity, such as nitro groups, aromatic amines, or aliphatic halides. The assessment is primarily based on the lack of established mutagenic structural features in this simple radical. However, the high reactivity of radicals may cause indirect effects that are not captured solely by structural analysis, thus the confidence is set at 8.","Verdict: mutagenic  
Confidence: 10  
Reasoning: The molecule is atomic carbon, represented by the SMILES [C]. Elemental carbon is not a typical organic molecule; however, in the context of a single carbon atom, it is extremely electrophilic and reactive. Such a species would be expected to form highly reactive radicals or carbenes in biological systems, leading to direct DNA damage. This is far beyond typical Ames test conditions, but based on extreme electrophilicity and likely covalent modification of DNA, it is considered mutagenic.","Verdict: non-mutagenic
Confidence: 10
Reasoning: The molecule is a single carbon atom, which lacks any functional groups or structural features known to be associated with mutagenicity, such as electrophilic centers, aromatic amines, or nitroarenes. As a result, it is unlikely to interact with DNA or other biological molecules in a way that would induce genetic mutations."
" N,N-DIETHYLANILINE ",CCN(CC)c1ccccc1,0,"Verdict: non-mutagenic
Confidence: 7
Reasoning: The molecule is N,N-diethylaniline, a tertiary aromatic amine. Key structural assessment: (1) The nitrogen is fully substituted (tertiary), which prevents direct DNA adduct formation that primary aromatic amines can undergo after metabolic activation to hydroxylamines and nitrenium ions. (2) No nitro groups, no halogenated substituents, no Michael acceptors, no alkylating groups, no epoxides or aziridines present. (3) The diethylamino group is electron-donating but does not create significant electrophilic character on the ring. (4) Unlike primary aromatic amines (known Ames-positive toxicophore requiring N-hydroxylation), tertiary amines cannot form the reactive N-hydroxy intermediate through CYP450 metabolism. (5) The simple benzene ring without additional activating substituents has low intrinsic reactivity toward DNA. While some N-dealkylation could theoretically occur to generate secondary or primary amines, this metabolic pathway is less efficient, and the parent compound itself lacks direct mutagenic potential. The molecule is a common industrial chemical with generally low genotoxic concern based on its structural class.","Verdict: non-mutagenic  
Confidence: 6  
Reasoning: The given SMILES represents N,N-diethylaniline, which consists of an aniline moiety with diethyl groups attached to the nitrogen. Aniline derivatives can vary in mutagenicity based on their specific substitutions. However, in this case, the lack of nitro groups or other known mutagenic substituents like alkyl halides decreases the likelihood of mutagenicity. The diethyl groups may reduce electron density slightly at the nitrogen, reducing its reactivity compared to unsubstituted aniline. However, because some aniline derivatives can still exhibit mutagenic properties, the confidence level is moderate.","Verdict: non-mutagenic  
Confidence: 9  
Reasoning: The molecule is N,N-diethylaniline. It contains an aromatic amine substructure, which can be a toxicophore for mutagenicity if metabolically activated to a nitrenium ion. However, the nitrogen is fully substituted (tertiary amine) with two ethyl groups, which blocks direct N-hydroxylation and subsequent activation to an electrophilic species. Additionally, the molecule lacks other classical alerting features such as nitro groups, planar polyaromatic rings, or alkyl halides. While weak Ames activity has been reported for some tertiary anilines under special conditions, the weight of evidence and structural context indicate non-mutagenicity.","Verdict: non-mutagenic
Confidence: 8
Reasoning: The molecule lacks strong electrophilic functional groups and known toxicophores commonly associated with mutagenicity, such as nitro, azo, or halo groups. The presence of a tertiary amine group, while potentially susceptible to metabolic activation, is not typically a strong indicator of mutagenicity in the absence of other activating features. The aromatic ring is also not substituted with electrophilic or strongly electron-withdrawing groups, further reducing the likelihood of mutagenic activity. However, the potential for metabolic activation of the amine group to form a more reactive intermediate cannot be entirely ruled out, which tempers the confidence in this assessment."
 O-CHLOROBENZALMALONONITRILE ,N#CC(C#N)=Cc1ccccc1Cl,0,"Verdict: mutagenic
Confidence: 8
Reasoning: This molecule contains several concerning structural features that contribute to mutagenicity prediction:

1. **Malononitrile (dicyanovinyl) moiety**: The =C(C#N)C#N group is a highly electron-deficient system. The two electron-withdrawing cyano groups make the vinyl carbon extremely electrophilic, creating a potent Michael acceptor site.

2. **α,β-unsaturated dinitrile system**: The conjugated system (Ar-CH=C(CN)2) is a known toxicophore. This benzylidene malononitrile scaffold can undergo nucleophilic addition reactions with biological nucleophiles (DNA bases, particularly guanine N7, adenine N1, or cysteine residues in proteins).

3. **Michael acceptor reactivity**: The polarized double bond is highly susceptible to attack by soft nucleophiles found in DNA and proteins. This direct DNA alkylation mechanism is a classic pathway for mutagenicity in the Ames test.

4. **Chlorobenzene substituent**: While the ortho-chloro group alone has modest concern, it increases the lipophilicity of the molecule and may contribute to metabolic activation or enhanced cellular uptake. The chlorine is also ort","Verdict: mutagenic  
Confidence: 8  
Reasoning: The given molecule contains several structural features commonly associated with mutagenicity. The presence of two nitrile groups (C#N), particularly when conjugated with a vinyl group (C=C), can increase electrophilic reactivity, which is often associated with DNA alkylation. The chloro-substituted aromatic ring (c1ccccc1Cl) is indicative of a halogenated aromatic compound, which may undergo metabolic activation, forming reactive intermediates that interact with DNA. Additionally, the overall molecular structure resembles known toxicophores associated with mutagenic activity. These elements collectively suggest a high likelihood of mutagenic potential.","Verdict: mutagenic  
Confidence: 9  
Reasoning: The molecule contains a benzylidene malononitrile moiety (C=C linked to two cyano groups), which is a strong Michael acceptor capable of forming covalent adducts with DNA nucleophiles. The electron-withdrawing cyano and chloro substituents further enhance electrophilicity. Such structural features are well-documented toxicophores for Ames mutagenicity, often acting via direct DNA alkylation or crosslinking.","Verdict: mutagenic
Confidence: 8
Reasoning: The molecule contains an alkyne group (C#C) and a nitrile group (C#N), both of which can be potentially electrophilic and reactive. Additionally, the presence of a chlorophenyl ring may contribute to its mutagenic potential, as halogenated aromatics can be metabolized to form reactive intermediates. The combination of these functional groups, particularly the electrophilic nitrile and alkyne, raises concerns about the molecule's potential to form covalent bonds with DNA, leading to mutagenic effects."
 2-METHYLBENZOTHIAZOLE ,Cc1nc2ccccc2s1,0,"Verdict: non-mutagenic
Confidence: 7
Reasoning: The molecule is 2-methylbenzothiazole, a bicyclic heterocyclic compound consisting of a benzene ring fused to a thiazole ring with a methyl substituent at the 2-position. Analyzing the structural features: (1) The benzothiazole core is a relatively stable aromatic heterocycle without strong electrophilic centers that would readily react with DNA. (2) The methyl group at the 2-position is not activated for metabolic conversion to reactive species (unlike benzylic methyls or methyls on certain nitrogen heterocycles that can form reactive intermediates). (3) There are no known mutagenic toxicophores present such as aromatic amines, nitro groups, alkylating agents, epoxides, or Michael acceptors. (4) The sulfur and nitrogen in the thiazole ring are part of the aromatic system and are not particularly reactive. (5) Benzothiazole derivatives are generally considered to have low mutagenic potential unless they contain additional activating substituents like amino groups. The absence of DNA-reactive functional groups and electrophilic sites suggests this compound is unlikely to be mutagenic in the Ames test. The moderate confidence reflects that some heterocyclic compounds can show unexpected metabolic activation","Verdict: mutagenic  
Confidence: 8  
Reasoning: The given SMILES string represents a 2-methylbenzothiazole, which contains structural features commonly associated with mutagenicity. The presence of a thiazole ring—a known toxicophore—contributes to the compound’s potential mutagenicity. Heterocyclic aromatic compounds, such as benzothiazoles, can often undergo activation to electrophilic intermediates capable of interacting with cellular macromolecules like DNA. Additionally, the specific methyl group substitution on the aromatic heterocycle can increase electron density, facilitating the formation of reactive species. These factors combined suggest a higher likelihood of mutagenicity.","Verdict: non-mutagenic  
Confidence: 8  
Reasoning: The molecule is 2-methylbenzothiazole, a fused heterocycle with no classical alerting functional groups such as aromatic amines, nitro, nitroso, epoxides, alkyl halides, or Michael acceptors. The methyl group on the thiazole ring is not electrophilic, and the aromatic system lacks structural features known to undergo metabolic activation to DNA-reactive species (e.g., amino- or nitro-substitution). While some thiazoles can show bioactivity, this specific structure is generally considered non-mutagenic in Ames assays.","Verdict: mutagenic
Confidence: 8
Reasoning: The molecule contains a thiophene ring, which is a known potentially mutagenic scaffold. However, the primary concern is the presence of an electrophilic site adjacent to the sulfur atom in the thiophene ring, which may facilitate the formation of covalent bonds with DNA nucleophiles. Additionally, the aromatic ring fused to the thiophene may increase the planarity and reactivity of the molecule, further enhancing its potential mutagenic activity. While not a classical toxicophore, the combination of these structural features suggests a potential for mutagenicity, particularly through a mechanism involving electrophilic attack on DNA."
 BENZALDEHYDE ,O=Cc1ccccc1,0,"Verdict: non-mutagenic
Confidence: 7
Reasoning: The molecule is benzaldehyde (an aromatic aldehyde). While aldehydes are electrophilic at the carbonyl carbon and can potentially form Schiff bases with amino groups in DNA bases, benzaldehyde itself has been extensively tested in the Ames assay and consistently shows negative results. Key considerations: (1) The aldehyde group is conjugated with the aromatic ring, which reduces its electrophilicity compared to aliphatic aldehydes; (2) Benzaldehyde is rapidly metabolized to benzoic acid by aldehyde dehydrogenase, limiting its bioavailability for DNA interaction; (3) It lacks known mutagenic toxicophores such as nitro groups, aromatic amines, epoxides, or alkylating agents; (4) No polycyclic aromatic system that could intercalate with DNA. The compound does not require metabolic activation to become mutagenic, and its metabolite (benzoic acid) is non-mutagenic. Historical Ames test data consistently reports benzaldehyde as non-mutagenic across multiple Salmonella strains with and without S9 activation.","Verdict: mutagenic  
Confidence: 7  
Reasoning: The SMILES string ""O=Cc1ccccc1"" represents the compound benzaldehyde. Benzaldehyde contains an aldehyde functional group, which can be chemically reactive. Aldehydes are known to be electrophilic, and such reactivity can lead to interactions with nucleophilic sites in biological molecules like DNA. Additionally, aromatic aldehydes can have a higher likelihood of being mutagenic due to their ability to form reactive intermediates or radicals. This structural feature aligns with known toxicophores associated with mutagenic potential.","Verdict: non-mutagenic  
Confidence: 8  
Reasoning: The molecule is benzaldehyde (O=Cc1ccccc1). While aldehydes can be electrophilic and form DNA adducts under certain conditions, benzaldehyde lacks a strongly electrophilic leaving group or an extended conjugated system that would make it a direct-acting mutagen in the Ames test. It does not contain common mutagenic toxicophores such as aromatic amines, nitro groups, or alkylating moieties. Benzaldehyde has been tested in multiple Ames assays and is generally considered non-mutagenic, though at very high doses it may show weak effects via metabolic activation.","Verdict: non-mutagenic
Confidence: 8
Reasoning: The molecule, benzaldehyde (O=Cc1ccccc1), does not contain known toxicophores commonly associated with mutagenicity, such as nitro, azo, or halo groups. While the aldehyde functional group could potentially exhibit some electrophilic character, it is not sufficient to significantly raise concerns about mutagenicity in this case, especially considering the delocalization of the carbonyl group into the phenyl ring, which reduces its reactivity. Additionally, benzaldehyde is a relatively simple and well-studied molecule, and there is no strong evidence in the literature to suggest it is a potent mutagen."
" BENZOYL CHLORIDE, 4-CHLORO- ",O=C(Cl)c1ccc(Cl)cc1,0,"Verdict: mutagenic
Confidence: 8
Reasoning: This molecule is 4-chlorobenzoyl chloride, which contains a highly reactive acyl chloride (acid chloride) functional group. The acyl chloride moiety (-C(=O)Cl) is a potent electrophile that can readily react with nucleophilic sites in DNA, particularly amino groups on nucleobases, leading to the formation of covalent adducts. This direct DNA alkylation/acylation mechanism is a well-established pathway for mutagenicity. Additionally, the molecule contains a chlorine substituent on the aromatic ring, which can contribute to electrophilicity and lipophilicity, potentially enhancing cellular uptake. Acyl halides are recognized toxicophores due to their high chemical reactivity toward biological nucleophiles including DNA bases, proteins, and other cellular components. The combination of the electrophilic carbonyl carbon activated by the chloride leaving group makes this compound capable of causing DNA damage without requiring metabolic activation. While acyl chlorides are highly reactive and may also hydrolyze in aqueous environments, their reactivity with biological nucleophiles is sufficient to pose mutagenic risk before complete hydrolysis occurs.","Verdict: mutagenic  
Confidence: 8  
Reasoning: The given molecule, O=C(Cl)c1ccc(Cl)cc1, is known as 4-chlorobenzoyl chloride. It exhibits structural features typical of mutagenic compounds, particularly the presence of an acyl chloride group (O=C(Cl)-) and an aromatic ring with a chlorine substituent. Acyl chlorides are highly reactive electrophilic groups that can readily interact with nucleophilic sites in DNA, leading to potential mutagenic activity. The chlorinated aromatic ring can also contribute to electrophilicity and stability within biological systems, facilitating interactions that may induce mutations. These structural factors align with known toxicophores associated with mutagenicity, supporting the assessment.","Verdict: mutagenic
Confidence: 8
Reasoning: The molecule contains an acyl chloride group (O=C(Cl)), which is a highly electrophilic functional group capable of directly alkylating DNA bases, a classic feature of direct-acting mutagens. The para-chloro substitution on the benzene ring further activates the acyl chloride toward nucleophilic attack. This structural alert (acyl halide) is well-established in Ames test databases as a mutagenic toxicophore.","Verdict: mutagenic
Confidence: 8
Reasoning: The molecule contains two chloro substituents (Cl) directly attached to a benzene ring, which is a known toxicophore associated with electrophilic aromatic substitution and potential mutagenicity. The chloroacetyl group (O=C(Cl)) is also a concern, as it can potentially release a chloroacetylating species, leading to DNA alkylation and mutagenesis. The combination of these functional groups and the electrophilic nature of the molecule suggest a high likelihood of mutagenic activity, consistent with the Ames test criteria."
 PHENOL ,Oc1ccccc1,0,"Verdict: non-mutagenic
Confidence: 8
Reasoning: The molecule is phenol (hydroxybenzene), a simple aromatic compound with a hydroxyl group attached to a benzene ring. Key structural assessment: 1) No known Ames-positive toxicophores present - lacks nitro groups, aromatic amines, alkylating agents, epoxides, or polycyclic aromatic systems. 2) The hydroxyl group is electron-donating and does not confer direct DNA-reactive electrophilicity. 3) Phenol can undergo metabolic oxidation to hydroquinone/catechol and potentially reactive quinones, but these pathways typically require higher concentrations and specific metabolic conditions. 4) Extensive Ames test data in literature confirms phenol is generally negative in standard Salmonella typhimurium strains (TA98, TA100, TA1535, TA1537) both with and without S9 metabolic activation. 5) While phenol has some cytotoxicity at high doses, it lacks the structural features (electrophilic centers, intercalating ability, or metabolic activation to strong electrophiles) typically associated with frameshift or base-pair substitution mutations detected in the Ames assay. The confidence is 8 rather than 10 because some oxid","Verdict: non-mutagenic  
Confidence: 8  
Reasoning: The given SMILES represents phenol (Oc1ccccc1). Phenol itself is a relatively simple aromatic compound known for its disinfectant properties, and it does not contain specific structural features commonly associated with mutagenicity, such as nitro groups, aromatic amines, or haloalkanes. In addition, phenol lacks electrophilic sites that typically participate in direct DNA reactivity. While phenol can participate in hydrogen bonding due to the hydroxyl group, and it might exhibit some degree of cytotoxicity, it does not have the characteristics of known toxicophores linked with mutagenic activity. Therefore, phenol is considered non-mutagenic under typical conditions.","Verdict: non-mutagenic  
Confidence: 10  
Reasoning: The molecule is phenol (Oc1ccccc1). It lacks electrophilic centers, alkylating groups, or planar polyaromatic systems that are typically associated with DNA reactivity in the Ames test. Phenol is a simple monocyclic aromatic alcohol; it does not contain known mutagenic toxicophores such as nitro, azo, epoxide, or quinone groups. Its metabolic activation via hydroxylation could form catechol or hydroquinone, but these are not strongly frameshift- or base-pair–mutagenic in standard Ames assays without further oxidation to quinones, which are not direct structural alerts here. Therefore, it is reliably non-mutagenic.","Verdict: non-mutagenic
Confidence: 8
Reasoning: The molecule, which is phenol, lacks strong electrophilic centers and known toxicophores that are commonly associated with mutagenicity. The hydroxyl group (-OH) on the benzene ring is a weak electron donor, and the overall molecule does not exhibit significant electrophilicity, which reduces its potential to form covalent bonds with DNA and cause mutations. While phenol itself has been shown to have some toxicity, its mutagenic potential in the Ames test is generally considered to be low."
 P-CHLOROBENZYL CHLORIDE ,ClCc1ccc(Cl)cc1,0,"Verdict: mutagenic
Confidence: 8
Reasoning: This molecule is 4-chlorobenzyl chloride (1-chloro-4-(chloromethyl)benzene). The key structural feature driving mutagenicity is the benzyl chloride (chloromethyl) group (-CH2Cl) attached to the aromatic ring. This is a well-established toxicophore and alkylating agent. The chloromethyl group is highly electrophilic due to the benzylic position, which stabilizes the carbocation intermediate formed upon chloride departure. This allows the compound to act as a direct-acting mutagen through SN1 or SN2 mechanisms, forming covalent adducts with nucleophilic sites on DNA bases (particularly N7 of guanine and N3 of adenine). The additional chlorine on the para position of the benzene ring is electron-withdrawing, which may slightly enhance the electrophilicity of the benzylic carbon. Benzyl halides are classic Ames-positive compounds that typically do not require metabolic activation (positive in TA100 and TA98 strains without S9). This structural class has been extensively documented in mutagenicity databases as positive alerting structures.","Verdict: mutagenic  
Confidence: 8  
Reasoning: The molecule with SMILES ClCc1ccc(Cl)cc1 represents a chlorinated aromatic compound, specifically ortho-dichlorobenzene. The presence of chlorine atoms on the benzene ring is a structural feature often associated with increased electrophilicity and potential for forming reactive intermediates. Chlorinated aromatics are considered toxicophores in several instances due to their ability to undergo metabolic activation to form DNA-reactive species. Such species can lead to mutagenic effects, thereby increasing the likelihood of positive Ames test results.","Verdict: mutagenic  
Confidence: 8  
Reasoning: The molecule contains a benzyl chloride moiety (ClCc1ccc(Cl)cc1), where the chloromethyl group is a direct-acting alkylating agent. Benzylic halides are well-known structural alerts for mutagenicity due to their ability to form highly electrophilic carbocations or undergo SN2 reactions with nucleophilic sites in DNA. The presence of an additional chlorine atom on the aromatic ring does not eliminate this risk. Such compounds frequently show positive results in Ames tests.","Verdict: mutagenic
Confidence: 8
Reasoning: The molecule contains two chloro groups (-Cl) directly attached to a benzene ring, which is a known toxicophore associated with electrophilic aromatic substitution and potential mutagenicity. The chloro substituents can increase the electrophilicity of the ring, making it more reactive towards biological nucleophiles, such as DNA. This structural feature is similar to that of known mutagens, such as 1,2-dichlorobenzene and other halogenated aromatics, which have been shown to be positive in the Ames test."
 2-HYDROXYETHYL ACRYLATE ,C=CC(=O)OCCO,0,"Verdict: mutagenic
Confidence: 7
Reasoning: This molecule is 2-hydroxyethyl acrylate (HEA). The key structural feature driving mutagenicity concern is the α,β-unsaturated carbonyl system (acryloyl group, C=CC(=O)-). This is a well-established toxicophore that acts as a Michael acceptor, making the β-carbon highly electrophilic and capable of reacting with nucleophilic sites in DNA (particularly with guanine bases) and proteins. Acrylate esters are known DNA-reactive compounds. The presence of the hydroxyethyl ester group (OCCO) increases water solubility, potentially enhancing bioavailability. While the ester linkage could undergo hydrolysis to release acrylic acid (also mutagenic), the intact molecule itself retains the reactive Michael acceptor functionality. Acrylic acid and many acrylate esters have shown positive results in Ames tests, particularly in strains TA100 and TA1535 which detect base-pair substitution mutations. The small molecular size allows good cellular penetration. The combination of the reactive α,β-unsaturated system with adequate bioavailability suggests this compound would likely test positive in the Ames assay.","Verdict: non-mutagenic  
Confidence: 6  
Reasoning: The given molecule, represented by the SMILES notation C=CC(=O)OCCO, is an ester with an allylic alcohol structure. Key structural features include an allyl group (C=CC), an ester functional group (C(=O)O), and an alcohol (CCO). While the allyl structure can sometimes be slightly reactive due to the presence of the double bond, there are no well-known toxicophores such as aromatic amines, nitro groups, or polycyclic structures that are typically associated with mutagenicity. Additionally, esters and alcohols are generally considered less electrophilic and less reactive under physiological conditions, which lowers the likelihood of the molecule being mutagenic. Overall, the lack of specific mutagenic functional groups suggests a non-mutagenic character, albeit with moderate confidence due to the potential for unknown interactions.","Verdict: non-mutagenic
Confidence: 8
Reasoning: The molecule contains an acrylate ester (C=C-C(=O)-O-), which is a Michael acceptor and could be electrophilic. However, the ester is linked to a simple ethylene glycol chain (OCCO), and the molecule lacks an aromatic amine, nitro group, or other classic Ames-positive structural alerts. The acrylate group, while reactive, is generally associated with direct-acting mutagenicity only under certain conditions (e.g., short-chain or unhindered), and the presence of the hydroxyl-terminated chain reduces bioavailability and DNA reactivity. Overall, the structural features do not strongly indicate Ames mutagenicity.","Verdict: non-mutagenic
Confidence: 8
Reasoning: The molecule contains an ester group (C=CC(=O)OCCO) which is generally considered to be non-mutagenic. There are no obvious toxicophores or electrophilic centers that would suggest mutagenic activity, such as nitro, azo, or halo groups. However, the presence of an allyl group (C=CC) could potentially lead to the formation of reactive intermediates, but in this case, it is likely to be detoxified via conjugation reactions. Overall, the structural features of this molecule suggest a low likelihood of mutagenic activity."
 QUINOXALINE ,c1ccc2nccnc2c1,0,"Verdict: non-mutagenic
Confidence: 8
Reasoning: The molecule is quinoxaline, a bicyclic heteroaromatic compound consisting of a benzene ring fused to a pyrazine ring. Analyzing the structural features: (1) No known toxicophores are present - there are no nitro groups, aromatic amines, alkylating agents, epoxides, azo compounds, or Michael acceptors. (2) The molecule is a simple nitrogen-containing heterocycle without electrophilic centers that could react with DNA. (3) The pyrazine nitrogens are part of the aromatic system and are not strongly electrophilic. (4) No substituents that could be metabolically activated to reactive intermediates are present. (5) Quinoxaline itself is a relatively stable, electron-deficient heterocycle that lacks the structural alerts typically associated with Ames mutagenicity. The compound's simple unsubstituted structure without reactive functional groups suggests it would not directly damage DNA or form DNA adducts. Literature data on quinoxaline core structures generally supports non-mutagenic behavior unless specific activating substituents are added.","Verdict: mutagenic  
Confidence: 7  
Reasoning: The molecule, represented by the SMILES c1ccc2nccnc2c1, is quinoline. Quinoline and its derivatives are known to exhibit mutagenic potential due to their planar aromatic structure that can intercalate with DNA. The presence of the nitrogen atom in the heterocyclic ring increases the electron density and potential for electrophilic reactions, which can contribute to mutagenicity. Additionally, quinoline is structurally similar to known mutagenic compounds, such as quinoline-based toxicophores, further supporting this assessment.","Verdict: non-mutagenic
Confidence: 9
Reasoning: The molecule is quinoxaline (c1ccc2nccnc2c1), a fused aromatic heterocycle. It lacks directly reactive electrophilic sites, alkylating groups, or classical mutagenic toxicophores such as nitro, amino, or epoxide functionalities. While some polycyclic aromatics can be mutagenic after metabolic activation, the simple pyrazine ring in quinoxaline is not a potent Ames mutagen and is often considered non-mutagenic in standard assays. The structure does not contain obvious Michael acceptors or aromatic amines that drive positive Ames results. Therefore, it is assessed as non-mutagenic with high confidence.","Verdict: non-mutagenic
Confidence: 8
Reasoning: The given molecule is a planar, aromatic compound with a pyrazine core, which is a relatively stable and non-reactive structure. There are no obvious electrophilic or toxicophoric functional groups present, such as nitro, azo, or halo groups, that are commonly associated with mutagenicity. Additionally, the molecule lacks a clear site for metabolic activation, which is often a prerequisite for mutagenic activity. However, the presence of a nitrogen-rich heterocycle could potentially lead to some reactivity, but in this case, the overall molecular structure and lack of reactive functional groups suggest a low likelihood of mutagenicity."
 ACETOPHENONE ,CC(=O)c1ccccc1,0,"Verdict: non-mutagenic
Confidence: 8
Reasoning: The molecule is acetophenone (methyl phenyl ketone), consisting of a benzene ring with an acetyl group (-COCH3) substituent. Key structural assessment: 1) The benzene ring is unsubstituted and lacks electron-withdrawing groups that would create electrophilic character conducive to DNA reactivity. 2) The acetyl ketone is a simple carbonyl that is not sufficiently electrophilic to act as a DNA-alkylating agent under physiological conditions. 3) No known mutagenic toxicophores are present - specifically, no nitro groups, aromatic amines, azo compounds, epoxides, alkyl halides, Michael acceptors, or polycyclic aromatic systems. 4) The molecule lacks structural alerts for metabolic activation to reactive intermediates (no primary aromatic amines that could form nitrenium ions, no fused ring systems prone to epoxidation). 5) Acetophenone is a well-characterized industrial chemical with extensive safety data showing negative results in standard Ames tests. The compound is relatively stable and would not be expected to form DNA-reactive metabolites through typical Phase I metabolism.","Verdict: non-mutagenic  
Confidence: 6  
Reasoning: The given SMILES represents acetophenone, a simple aromatic ketone. Its structure lacks common toxicophores known to be associated with mutagenicity, such as nitro groups, aromatic amines, or azo groups. The carbonyl group (C=O) linked to the aromatic ring can be electrophilic, but it does not typically confer mutagenicity. Additionally, acetophenone is not commonly recognized as a mutagenic compound in standard mutagenicity databases or literature. However, since some aromatic ketones can undergo metabolic activation leading to potential mutagenicity under specific conditions, there is not absolute certainty, contributing to a confidence level of 6.","Verdict: non-mutagenic  
Confidence: 9  
Reasoning: The molecule is acetophenone (CC(=O)c1ccccc1). It contains a ketone conjugated with an aromatic ring, but lacks structural alerts typical of Ames mutagens such as polycyclic aromatics, aromatic amines, nitro groups, alkyl halides, or epoxides. The carbonyl group is not sufficiently electrophilic to directly alkylate DNA, and acetophenone is not a known mutagen in standard Ames tests. Its simple structure and lack of reactive or DNA-intercalating moieties support a non-mutagenic assessment.","Verdict: non-mutagenic
Confidence: 8
Reasoning: The molecule, which is acetophenone, does not contain any obvious toxicophores or structural features commonly associated with mutagenicity, such as nitro, azo, or halo groups. The benzene ring is substituted with an acetyl group, which is generally considered to be a relatively inert functional group in terms of electrophilic reactivity. While the carbonyl group in acetophenone can potentially act as an electrophile, its reactivity is not sufficient to suggest a high risk of mutagenicity. Overall, the structural features of acetophenone suggest a low likelihood of mutagenic activity, consistent with its classification as non-mutagenic in the Ames test."
 HEXAMETHYLPHOSPHORAMIDE ,CN(C)P(=O)(N(C)C)N(C)C,0,"Verdict: non-mutagenic
Confidence: 6
Reasoning: This molecule is hexamethylphosphoramide (HMPA), containing a phosphoryl group (P=O) surrounded by three dimethylamino groups. While HMPA is a known carcinogen in rodents through chronic exposure, its mechanism involves metabolic activation to formaldehyde and other reactive species rather than direct DNA reactivity typical of Ames-positive mutagens. The molecule lacks classical Ames toxicophores such as aromatic amines, nitro groups, alkylating agents (epoxides, aziridines, alkyl halides), or polycyclic aromatic systems. The phosphoramide structure itself is not directly electrophilic - the phosphorus center is sterically hindered by three bulky dimethylamino groups. Standard Ames test results for HMPA have historically shown weak or negative results in most bacterial strains, even with metabolic activation (S9). The carcinogenicity observed in vivo appears to operate through mechanisms not captured by the Ames assay. The moderate confidence reflects some uncertainty due to the compound's known carcinogenic properties in mammals, but the weight of evidence suggests it would test negative in a standard Ames assay.","Verdict: non-mutagenic  
Confidence: 6  
Reasoning: The molecule in question is a phosphotriamine, which consists of a phosphorus atom double-bonded to an oxygen and single-bonded to three nitrogen atoms that are further bonded to methyl groups (N-methyl groups). This structure lacks common toxicophores associated with mutagenicity, such as aromatic nitro groups, aromatic amines, or other known electrophilic centers that can interact with DNA. The N-methyl groups and the absence of aromatic structures generally reduce the likelihood of mutagenicity. However, due to the lack of historical Ames test data for similar structures, the confidence is moderate.","Verdict: non-mutagenic  
Confidence: 8  
Reasoning: The molecule is a fully substituted phosphoramide (hexamethylphosphoramide, HMPA) with no direct leaving groups or readily exposed electrophilic centers. The phosphorus atom is bonded to three dimethylamino groups and a doubly-bonded oxygen. While phosphoramides can sometimes generate nitrogen mustards upon metabolic activation (e.g., cyclophosphamide), this structure lacks a 2-chloroethyl moiety necessary for alkylating activity. The dimethylamino groups are poor leaving groups and are not strongly electrophilic. No classical Ames-positive toxicophores such as aromatic amines, epoxides, nitro groups, or polycyclic aromatic systems are present. HMPA has been tested historically and is generally considered non-mutagenic in Ames assays.","Verdict: mutagenic
Confidence: 8
Reasoning: The molecule contains a phosphoramidate moiety, P(=O)(N(C)C)N(C)C, which is a known toxicophore associated with mutagenicity. The presence of multiple alkylated amine groups, which can act as electrophiles, further increases the molecule's potential for genetic damage. Additionally, the molecule's structural features suggest it may undergo metabolic activation, leading to the formation of reactive intermediates that can interact with DNA, thereby increasing its mutagenic potential."
 IBUPROFEN ,CC(C)Cc1ccc(C(C)C(=O)O)cc1,0,"Verdict: non-mutagenic
Confidence: 8
Reasoning: This molecule is Ibuprofen, a well-known non-steroidal anti-inflammatory drug (NSAID). Analyzing its structural features: 1) It contains a para-disubstituted benzene ring, which is not inherently mutagenic without activating groups; 2) The isobutyl group (CC(C)C-) is a simple alkyl substituent with no electrophilic character; 3) The propionic acid moiety (C(C)C(=O)O) is a carboxylic acid group that is actually electron-withdrawing and does not form reactive electrophiles capable of DNA damage; 4) There are no known toxicophores present - no nitro groups, aromatic amines, alkylating agents, epoxides, Michael acceptors, or polycyclic aromatic systems. The molecule lacks any structural alerts associated with DNA reactivity or mutagenicity. Additionally, Ibuprofen has extensive safety data from decades of clinical use and has consistently tested negative in Ames assays. The overall structure is chemically stable and does not undergo metabolic activation to form DNA-reactive species.","Verdict: non-mutagenic  
Confidence: 6  
Reasoning: The given SMILES represents a molecule with an alkyl chain, a phenyl ring, and a carboxylic acid group. Key structural features include the presence of an isobutyl group and an aromatic carboxylic acid. This molecule lacks known mutagenic toxicophores like nitro groups, aromatic amines, or azide groups that are common in mutagenic compounds. Furthermore, the overall structure does not indicate high electrophilicity or the ability to form reactive intermediates that typically lead to DNA interaction or damage that characterizes mutagenic behavior. However, the confidence is moderate because without additional information, such as experimental data or advanced in silico prediction results, uncertainty about subtle mutagenic potential remains.","Verdict: non-mutagenic  
Confidence: 8  
Reasoning: The molecule is 2-(4-isobutylphenyl)propanoic acid (ibuprofen), a non-steroidal anti-inflammatory drug. It contains a carboxylic acid and an isobutyl-substituted aromatic ring but lacks typical direct-acting mutagenic structural alerts such as aromatic amines, nitro groups, N-nitroso moieties, epoxides, or Michael acceptors. The carboxylic acid is not electrophilic enough under Ames test conditions to alkylate DNA. While the aromatic ring could undergo metabolic activation (e.g., arene oxide formation), ibuprofen is consistently negative in standard Ames tests. Thus, the overall profile is non-mutagenic.","Verdict: non-mutagenic
Confidence: 8
Reasoning: The molecule lacks known toxicophores and electrophilic functional groups commonly associated with mutagenicity, such as nitro, azo, or epoxide groups. The presence of a tert-butyl group (C(C)C) and an isobutyl group (CC(C)) are not typically associated with mutagenic activity. The carboxylic acid group (C(=O)O) is a common functional group in many non-mutagenic compounds, and its presence in this molecule does not raise significant concerns for mutagenicity. However, the aromatic ring and the potential for metabolic activation to form electrophilic intermediates cannot be entirely ruled out, which is why the confidence level is not higher."
 2-METHYLTETRAHYDROFURAN ,CC1CCCO1,0,"Verdict: non-mutagenic
Confidence: 8
Reasoning: The molecule (2-methyltetrahydrofuran) is a simple cyclic ether with the following structural features: a saturated 5-membered tetrahydrofuran ring with a methyl substituent. This compound lacks known toxicophores associated with Ames mutagenicity - there are no aromatic amines, nitro groups, epoxides, alkylating agents, Michael acceptors, azo compounds, or polycyclic aromatic systems. The saturated ether linkage is chemically stable and non-electrophilic, meaning it cannot react with DNA bases to cause mutations. The molecule contains no conjugated systems that could undergo metabolic activation to reactive intermediates. Tetrahydrofuran derivatives are generally considered non-genotoxic, and 2-methyltetrahydrofuran is commonly used as a green solvent with a favorable safety profile. The absence of any DNA-reactive functional groups or metabolically activatable moieties strongly suggests this compound would be non-mutagenic in the Ames test.","Verdict: non-mutagenic  
Confidence: 7  
Reasoning: The given SMILES represents tetrahydrofuran, a five-membered cyclic ether. This structure lacks common mutagenic functional groups such as nitro groups, aromatic amines, or alkylating agents. Ethers are generally stable and non-reactive under the conditions used in Ames tests (i.e., bacterial reverse mutation test). Given its lack of electrophilic centers or known toxicophores typically associated with mutagenicity, it is unlikely that this compound is mutagenic.","Verdict: non-mutagenic  
Confidence: 8  
Reasoning: The molecule is 2-methyltetrahydrofuran, a saturated cyclic ether. It lacks planar aromatic systems, epoxides, alkyl halides, or other classical electrophilic/toxicophore features associated with direct DNA reactivity. Its structure is not prone to metabolic activation to a DNA-binding species under standard Ames test conditions. The absence of any known alerting functional groups (e.g., nitro, azo, quinone, or Michael acceptors) supports a non-mutagenic prediction.","Verdict: non-mutagenic
Confidence: 8
Reasoning: The molecule, identified by the SMILES notation CC1CCCO1, is a cyclic ether, specifically tetrahydrofuran. This compound lacks known toxicophores or functional groups commonly associated with mutagenicity, such as aromatic amines, nitro groups, or highly electrophilic centers. The cyclic ether structure is generally considered stable and less reactive, which reduces the likelihood of forming DNA-damaging electrophiles. While not all cyclic ethers are innocuous, the absence of additional functional groups that could enhance reactivity or bioactivation suggests a low potential for mutagenicity. However, the confidence level is not at the maximum due to the potential for metabolic activation or the presence of unseen impurities, which could alter the mutagenic potential."
 ETHYL SILICATE ,CCO[Si](OCC)(OCC)OCC,0,"Verdict: non-mutagenic
Confidence: 8
Reasoning: This molecule is tetraethoxysilane (TEOS), a silicon alkoxide commonly used as a precursor in sol-gel chemistry. Analyzing its structural features: 1) The molecule contains a central silicon atom bonded to four ethoxy (-OCC) groups through Si-O bonds. 2) There are no known mutagenic toxicophores present - no aromatic amines, nitro groups, alkylating agents, epoxides, azo compounds, or polycyclic aromatic systems. 3) The Si-O bonds are relatively stable and the molecule lacks electrophilic centers capable of forming covalent adducts with DNA bases. 4) Silicon alkoxides can undergo hydrolysis to form silanols and release ethanol, but neither of these products are mutagenic. 5) The ethoxy groups themselves are not genotoxic moieties. 6) The molecule has no conjugated systems or reactive functional groups that could intercalate with DNA or cause oxidative damage. The overall chemical nature is that of an inert, hydrolyzable silicon compound without DNA-reactive properties. Historical data on similar alkoxysilanes supports their non-mutagenic profile in Ames testing.","Verdict: non-mutagenic  
Confidence: 7  
Reasoning: The molecule with the SMILES notation CCO[Si](OCC)(OCC)OCC is a trialkoxy silane compound. It consists of ethoxy groups and a silicon atom, lacking common structural alerts associated with mutagenicity. Specifically, it does not contain typical toxicophores such as polyaromatic hydrocarbons, nitro groups, or alkyl halides, which are often involved in increasing electrophilicity and potential DNA interactions. Moreover, siloxanes and similar organosilicon compounds generally show low reactivity under biological conditions. Thus, based on these structural considerations, it is expected to be non-mutagenic.","Verdict: non-mutagenic  
Confidence: 7  
Reasoning: The molecule is tetraethyl orthosilicate, containing four ethoxy groups bonded to silicon. It lacks aromatic rings, planar polycyclic systems, or classic DNA-reactive electrophilic functional groups such as epoxides, alkyl halides, nitroaromatics, or primary aryl amines. The silicon center is not a classical DNA-alkylating electrophile under physiological conditions. While some silicates can hydrolyze to release ethanol, this does not produce direct DNA-reactive species. The structure does not contain known Ames-positive toxicophores.","Verdict: non-mutagenic
Confidence: 8
Reasoning: The molecule in question is an organosilicon compound, specifically a silane with multiple ethoxy groups. The absence of known toxicophores and electrophilic functional groups, which are often associated with mutagenic activity, suggests low potential for mutagenicity. Additionally, silicon-containing compounds are generally considered less reactive towards biological molecules compared to their carbon-based counterparts, further reducing the likelihood of mutagenic effects. However, the potential for hydrolysis of the silane to form reactive intermediates cannot be entirely ruled out, which is why the confidence is not higher."
